INSERT INTO public.p00departamento
(iddepartamento, departamento, nombre)
VALUES(16, '50', 'META');
INSERT INTO public.p00departamento
(iddepartamento, departamento, nombre)
VALUES(31, '95', 'GUAVIARE');
INSERT INTO public.p00departamento
(iddepartamento, departamento, nombre)
VALUES(9, '20', 'CESAR');
INSERT INTO public.p00departamento
(iddepartamento, departamento, nombre)
VALUES(24, '76', 'VALLE DEL CAUCA');
INSERT INTO public.p00departamento
(iddepartamento, departamento, nombre)
VALUES(32, '97', 'VAUPES');
INSERT INTO public.p00departamento
(iddepartamento, departamento, nombre)
VALUES(17, '52', 'NARIÑO');
INSERT INTO public.p00departamento
(iddepartamento, departamento, nombre)
VALUES(8, '19', 'CAUCA');
INSERT INTO public.p00departamento
(iddepartamento, departamento, nombre)
VALUES(23, '73', 'TOLIMA');
INSERT INTO public.p00departamento
(iddepartamento, departamento, nombre)
VALUES(33, '99', 'VICHADA');
INSERT INTO public.p00departamento
(iddepartamento, departamento, nombre)
VALUES(10, '23', 'CORDOBA');
INSERT INTO public.p00departamento
(iddepartamento, departamento, nombre)
VALUES(22, '70', 'SUCRE');
INSERT INTO public.p00departamento
(iddepartamento, departamento, nombre)
VALUES(7, '18', 'CAQUETA');
INSERT INTO public.p00departamento
(iddepartamento, departamento, nombre)
VALUES(2, '08', 'ATLANTICO');
INSERT INTO public.p00departamento
(iddepartamento, departamento, nombre)
VALUES(30, '94', 'GUAINIA');
INSERT INTO public.p00departamento
(iddepartamento, departamento, nombre)
VALUES(15, '47', 'MAGDALENA');
INSERT INTO public.p00departamento
(iddepartamento, departamento, nombre)
VALUES(25, '81', 'ARAUCA');
INSERT INTO public.p00departamento
(iddepartamento, departamento, nombre)
VALUES(5, '15', 'BOYACA');
INSERT INTO public.p00departamento
(iddepartamento, departamento, nombre)
VALUES(20, '66', 'RISARALDA');
INSERT INTO public.p00departamento
(iddepartamento, departamento, nombre)
VALUES(27, '86', 'PUTUMAYO');
INSERT INTO public.p00departamento
(iddepartamento, departamento, nombre)
VALUES(12, '27', 'CHOCO');
INSERT INTO public.p00departamento
(iddepartamento, departamento, nombre)
VALUES(19, '63', 'QUINDIO');
INSERT INTO public.p00departamento
(iddepartamento, departamento, nombre)
VALUES(4, '13', 'BOLIVAR');
INSERT INTO public.p00departamento
(iddepartamento, departamento, nombre)
VALUES(13, '41', 'HUILA');
INSERT INTO public.p00departamento
(iddepartamento, departamento, nombre)
VALUES(28, '88', 'SAN ANDRES ISLA');
INSERT INTO public.p00departamento
(iddepartamento, departamento, nombre)
VALUES(18, '54', 'NORTE DE SANTANDER');
INSERT INTO public.p00departamento
(iddepartamento, departamento, nombre)
VALUES(3, '11', 'SANTAFE DE BOGOTA');
INSERT INTO public.p00departamento
(iddepartamento, departamento, nombre)
VALUES(14, '44', 'LA GUAJIRA');
INSERT INTO public.p00departamento
(iddepartamento, departamento, nombre)
VALUES(29, '91', 'AMAZONAS');
INSERT INTO public.p00departamento
(iddepartamento, departamento, nombre)
VALUES(21, '68', 'SANTANDER');
INSERT INTO public.p00departamento
(iddepartamento, departamento, nombre)
VALUES(26, '85', 'CASANARE');
INSERT INTO public.p00departamento
(iddepartamento, departamento, nombre)
VALUES(11, '25', 'CUNDINAMARCA');
INSERT INTO public.p00departamento
(iddepartamento, departamento, nombre)
VALUES(6, '17', 'CALDAS');
INSERT INTO public.p00departamento
(iddepartamento, departamento, nombre)
VALUES(1, '05', 'ANTIOQUIA');

INSERT INTO public.p00municipio
(idmunicipio, iddepartamento, municipio, nombre)
VALUES(31, 1, '05145', 'CARAMANTA');
INSERT INTO public.p00municipio
(idmunicipio, iddepartamento, municipio, nombre)
VALUES(159, 4, '13188', 'CICUCO');
INSERT INTO public.p00municipio
(idmunicipio, iddepartamento, municipio, nombre)
VALUES(32, 1, '05147', 'CAREPA');
INSERT INTO public.p00municipio
(idmunicipio, iddepartamento, municipio, nombre)
VALUES(96, 1, '05664', 'SAN PEDRO DE LOS MILAGROS');
INSERT INTO public.p00municipio
(idmunicipio, iddepartamento, municipio, nombre)
VALUES(160, 4, '13212', 'CÓRDOBA');
INSERT INTO public.p00municipio
(idmunicipio, iddepartamento, municipio, nombre)
VALUES(87, 1, '05631', 'SABANETA');
INSERT INTO public.p00municipio
(idmunicipio, iddepartamento, municipio, nombre)
VALUES(35, 1, '05154', 'CAUCASIA');
INSERT INTO public.p00municipio
(idmunicipio, iddepartamento, municipio, nombre)
VALUES(33, 1, '05148', 'EL CARMEN DE VIBORAL');
INSERT INTO public.p00municipio
(idmunicipio, iddepartamento, municipio, nombre)
VALUES(97, 1, '05665', 'SAN PEDRO DE URABÁ');
INSERT INTO public.p00municipio
(idmunicipio, iddepartamento, municipio, nombre)
VALUES(161, 4, '13222', 'CLEMENCIA');
INSERT INTO public.p00municipio
(idmunicipio, iddepartamento, municipio, nombre)
VALUES(86, 1, '05628', 'SABANALARGA');
INSERT INTO public.p00municipio
(idmunicipio, iddepartamento, municipio, nombre)
VALUES(30, 1, '05142', 'CARACOLÍ');
INSERT INTO public.p00municipio
(idmunicipio, iddepartamento, municipio, nombre)
VALUES(158, 4, '13160', 'CANTAGALLO');
INSERT INTO public.p00municipio
(idmunicipio, iddepartamento, municipio, nombre)
VALUES(101, 1, '05679', 'SANTA BÁRBARA');
INSERT INTO public.p00municipio
(idmunicipio, iddepartamento, municipio, nombre)
VALUES(147, 2, '08832', 'TUBARÁ');
INSERT INTO public.p00municipio
(idmunicipio, iddepartamento, municipio, nombre)
VALUES(83, 1, '05604', 'REMEDIOS');
INSERT INTO public.p00municipio
(idmunicipio, iddepartamento, municipio, nombre)
VALUES(195, 4, '13894', 'ZAMBRANO');
INSERT INTO public.p00municipio
(idmunicipio, iddepartamento, municipio, nombre)
VALUES(146, 2, '08770', 'SUAN');
INSERT INTO public.p00municipio
(idmunicipio, iddepartamento, municipio, nombre)
VALUES(141, 2, '08634', 'SABANAGRANDE');
INSERT INTO public.p00municipio
(idmunicipio, iddepartamento, municipio, nombre)
VALUES(82, 1, '05591', 'PUERTO TRIUNFO');
INSERT INTO public.p00municipio
(idmunicipio, iddepartamento, municipio, nombre)
VALUES(28, 1, '05134', 'CAMPAMENTO');
INSERT INTO public.p00municipio
(idmunicipio, iddepartamento, municipio, nombre)
VALUES(167, 4, '13433', 'MAHATES');
INSERT INTO public.p00municipio
(idmunicipio, iddepartamento, municipio, nombre)
VALUES(39, 1, '05206', 'CONCEPCIÓN');
INSERT INTO public.p00municipio
(idmunicipio, iddepartamento, municipio, nombre)
VALUES(29, 1, '05138', 'CAÑASGORDAS');
INSERT INTO public.p00municipio
(idmunicipio, iddepartamento, municipio, nombre)
VALUES(95, 1, '05660', 'SAN LUIS');
INSERT INTO public.p00municipio
(idmunicipio, iddepartamento, municipio, nombre)
VALUES(169, 4, '13442', 'MARÍA LA BAJA');
INSERT INTO public.p00municipio
(idmunicipio, iddepartamento, municipio, nombre)
VALUES(24, 1, '05113', 'BURITICÁ');
INSERT INTO public.p00municipio
(idmunicipio, iddepartamento, municipio, nombre)
VALUES(88, 1, '05642', 'SALGAR');
INSERT INTO public.p00municipio
(idmunicipio, iddepartamento, municipio, nombre)
VALUES(151, 4, '13006', 'ACHÍ');
INSERT INTO public.p00municipio
(idmunicipio, iddepartamento, municipio, nombre)
VALUES(36, 1, '05172', 'CHIGORODÓ');
INSERT INTO public.p00municipio
(idmunicipio, iddepartamento, municipio, nombre)
VALUES(150, 4, '13001', 'CARTAGENA DE INDIAS');
INSERT INTO public.p00municipio
(idmunicipio, iddepartamento, municipio, nombre)
VALUES(194, 4, '13873', 'VILLANUEVA');
INSERT INTO public.p00municipio
(idmunicipio, iddepartamento, municipio, nombre)
VALUES(34, 1, '05150', 'CAROLINA');
INSERT INTO public.p00municipio
(idmunicipio, iddepartamento, municipio, nombre)
VALUES(133, 2, '08433', 'MALAMBO');
INSERT INTO public.p00municipio
(idmunicipio, iddepartamento, municipio, nombre)
VALUES(94, 1, '05659', 'SAN JUAN DE URABÁ');
INSERT INTO public.p00municipio
(idmunicipio, iddepartamento, municipio, nombre)
VALUES(197, 5, '15022', 'ALMEIDA');
INSERT INTO public.p00municipio
(idmunicipio, iddepartamento, municipio, nombre)
VALUES(25, 1, '05120', 'CÁCERES');
INSERT INTO public.p00municipio
(idmunicipio, iddepartamento, municipio, nombre)
VALUES(89, 1, '05647', 'SAN ANDRÉS DE CUERQUÍA');
INSERT INTO public.p00municipio
(idmunicipio, iddepartamento, municipio, nombre)
VALUES(196, 5, '15001', 'TUNJA');
INSERT INTO public.p00municipio
(idmunicipio, iddepartamento, municipio, nombre)
VALUES(37, 1, '05190', 'CISNEROS');
INSERT INTO public.p00municipio
(idmunicipio, iddepartamento, municipio, nombre)
VALUES(27, 1, '05129', 'CALDAS');
INSERT INTO public.p00municipio
(idmunicipio, iddepartamento, municipio, nombre)
VALUES(155, 4, '13062', 'ARROYOHONDO');
INSERT INTO public.p00municipio
(idmunicipio, iddepartamento, municipio, nombre)
VALUES(168, 4, '13440', 'MARGARITA');
INSERT INTO public.p00municipio
(idmunicipio, iddepartamento, municipio, nombre)
VALUES(109, 1, '05790', 'TARAZÁ');
INSERT INTO public.p00municipio
(idmunicipio, iddepartamento, municipio, nombre)
VALUES(75, 1, '05495', 'NECHÍ');
INSERT INTO public.p00municipio
(idmunicipio, iddepartamento, municipio, nombre)
VALUES(47, 1, '05266', 'ENVIGADO');
INSERT INTO public.p00municipio
(idmunicipio, iddepartamento, municipio, nombre)
VALUES(26, 1, '05125', 'CAICEDO');
INSERT INTO public.p00municipio
(idmunicipio, iddepartamento, municipio, nombre)
VALUES(154, 4, '13052', 'ARJONA');
INSERT INTO public.p00municipio
(idmunicipio, iddepartamento, municipio, nombre)
VALUES(80, 1, '05579', 'PUERTO BERRÍO');
INSERT INTO public.p00municipio
(idmunicipio, iddepartamento, municipio, nombre)
VALUES(144, 2, '08685', 'SANTO TOMÁS');
INSERT INTO public.p00municipio
(idmunicipio, iddepartamento, municipio, nombre)
VALUES(44, 1, '05240', 'EBÉJICO');
INSERT INTO public.p00municipio
(idmunicipio, iddepartamento, municipio, nombre)
VALUES(17, 1, '05079', 'BARBOSA');
INSERT INTO public.p00municipio
(idmunicipio, iddepartamento, municipio, nombre)
VALUES(81, 1, '05585', 'PUERTO NARE');
INSERT INTO public.p00municipio
(idmunicipio, iddepartamento, municipio, nombre)
VALUES(199, 5, '15051', 'ARCABUCO');
INSERT INTO public.p00municipio
(idmunicipio, iddepartamento, municipio, nombre)
VALUES(145, 2, '08758', 'SOLEDAD');
INSERT INTO public.p00municipio
(idmunicipio, iddepartamento, municipio, nombre)
VALUES(42, 1, '05234', 'DABEIBA');
INSERT INTO public.p00municipio
(idmunicipio, iddepartamento, municipio, nombre)
VALUES(98, 1, '05667', 'SAN RAFAEL');
INSERT INTO public.p00municipio
(idmunicipio, iddepartamento, municipio, nombre)
VALUES(143, 2, '08675', 'SANTA LUCÍA');
INSERT INTO public.p00municipio
(idmunicipio, iddepartamento, municipio, nombre)
VALUES(84, 1, '05607', 'RETIRO');
INSERT INTO public.p00municipio
(idmunicipio, iddepartamento, municipio, nombre)
VALUES(19, 1, '05088', 'BELLO');
INSERT INTO public.p00municipio
(idmunicipio, iddepartamento, municipio, nombre)
VALUES(163, 4, '13248', 'EL GUAMO');
INSERT INTO public.p00municipio
(idmunicipio, iddepartamento, municipio, nombre)
VALUES(156, 4, '13074', 'BARRANCO DE LOBA');
INSERT INTO public.p00municipio
(idmunicipio, iddepartamento, municipio, nombre)
VALUES(104, 1, '05697', 'EL SANTUARIO');
INSERT INTO public.p00municipio
(idmunicipio, iddepartamento, municipio, nombre)
VALUES(99, 1, '05670', 'SAN ROQUE');
INSERT INTO public.p00municipio
(idmunicipio, iddepartamento, municipio, nombre)
VALUES(45, 1, '05250', 'EL BAGRE');
INSERT INTO public.p00municipio
(idmunicipio, iddepartamento, municipio, nombre)
VALUES(18, 1, '05086', 'BELMIRA');
INSERT INTO public.p00municipio
(idmunicipio, iddepartamento, municipio, nombre)
VALUES(78, 1, '05543', 'PEQUE');
INSERT INTO public.p00municipio
(idmunicipio, iddepartamento, municipio, nombre)
VALUES(157, 4, '13140', 'CALAMAR');
INSERT INTO public.p00municipio
(idmunicipio, iddepartamento, municipio, nombre)
VALUES(142, 2, '08638', 'SABANALARGA');
INSERT INTO public.p00municipio
(idmunicipio, iddepartamento, municipio, nombre)
VALUES(166, 4, '13430', 'MAGANGUÉ');
INSERT INTO public.p00municipio
(idmunicipio, iddepartamento, municipio, nombre)
VALUES(103, 1, '05690', 'SANTO DOMINGO');
INSERT INTO public.p00municipio
(idmunicipio, iddepartamento, municipio, nombre)
VALUES(85, 1, '05615', 'RIONEGRO');
INSERT INTO public.p00municipio
(idmunicipio, iddepartamento, municipio, nombre)
VALUES(38, 1, '05197', 'COCORNÁ');
INSERT INTO public.p00municipio
(idmunicipio, iddepartamento, municipio, nombre)
VALUES(102, 1, '05686', 'SANTA ROSA DE OSOS');
INSERT INTO public.p00municipio
(idmunicipio, iddepartamento, municipio, nombre)
VALUES(41, 1, '05212', 'COPACABANA');
INSERT INTO public.p00municipio
(idmunicipio, iddepartamento, municipio, nombre)
VALUES(105, 1, '05736', 'SEGOVIA');
INSERT INTO public.p00municipio
(idmunicipio, iddepartamento, municipio, nombre)
VALUES(100, 1, '05674', 'SAN VICENTE FERRER');
INSERT INTO public.p00municipio
(idmunicipio, iddepartamento, municipio, nombre)
VALUES(183, 4, '13667', 'SAN MARTÍN DE LOBA');
INSERT INTO public.p00municipio
(idmunicipio, iddepartamento, municipio, nombre)
VALUES(178, 4, '13647', 'SAN ESTANISLAO');
INSERT INTO public.p00municipio
(idmunicipio, iddepartamento, municipio, nombre)
VALUES(23, 1, '05107', 'BRICEÑO');
INSERT INTO public.p00municipio
(idmunicipio, iddepartamento, municipio, nombre)
VALUES(181, 4, '13655', 'SAN JACINTO DEL CAUCA');
INSERT INTO public.p00municipio
(idmunicipio, iddepartamento, municipio, nombre)
VALUES(138, 2, '08560', 'PONEDERA');
INSERT INTO public.p00municipio
(idmunicipio, iddepartamento, municipio, nombre)
VALUES(22, 1, '05101', 'CIUDAD BOLÍVAR');
INSERT INTO public.p00municipio
(idmunicipio, iddepartamento, municipio, nombre)
VALUES(180, 4, '13654', 'SAN JACINTO');
INSERT INTO public.p00municipio
(idmunicipio, iddepartamento, municipio, nombre)
VALUES(79, 1, '05576', 'PUEBLORRICO');
INSERT INTO public.p00municipio
(idmunicipio, iddepartamento, municipio, nombre)
VALUES(43, 1, '05237', 'DONMATÍAS');
INSERT INTO public.p00municipio
(idmunicipio, iddepartamento, municipio, nombre)
VALUES(179, 4, '13650', 'SAN FERNANDO');
INSERT INTO public.p00municipio
(idmunicipio, iddepartamento, municipio, nombre)
VALUES(184, 4, '13670', 'SAN PABLO');
INSERT INTO public.p00municipio
(idmunicipio, iddepartamento, municipio, nombre)
VALUES(20, 1, '05091', 'BETANIA');
INSERT INTO public.p00municipio
(idmunicipio, iddepartamento, municipio, nombre)
VALUES(140, 2, '08606', 'REPELÓN');
INSERT INTO public.p00municipio
(idmunicipio, iddepartamento, municipio, nombre)
VALUES(40, 1, '05209', 'CONCORDIA');
INSERT INTO public.p00municipio
(idmunicipio, iddepartamento, municipio, nombre)
VALUES(21, 1, '05093', 'BETULIA');
INSERT INTO public.p00municipio
(idmunicipio, iddepartamento, municipio, nombre)
VALUES(185, 4, '13673', 'SANTA CATALINA');
INSERT INTO public.p00municipio
(idmunicipio, iddepartamento, municipio, nombre)
VALUES(139, 2, '08573', 'PUERTO COLOMBIA');
INSERT INTO public.p00municipio
(idmunicipio, iddepartamento, municipio, nombre)
VALUES(1, 1, '05001', 'MEDELLÍN');
INSERT INTO public.p00municipio
(idmunicipio, iddepartamento, municipio, nombre)
VALUES(63, 1, '05376', 'LA CEJA');
INSERT INTO public.p00municipio
(idmunicipio, iddepartamento, municipio, nombre)
VALUES(191, 4, '13810', 'TIQUISIO');
INSERT INTO public.p00municipio
(idmunicipio, iddepartamento, municipio, nombre)
VALUES(172, 4, '13473', 'MORALES');
INSERT INTO public.p00municipio
(idmunicipio, iddepartamento, municipio, nombre)
VALUES(124, 1, '05893', 'YONDÓ');
INSERT INTO public.p00municipio
(idmunicipio, iddepartamento, municipio, nombre)
VALUES(114, 1, '05842', 'URAMITA');
INSERT INTO public.p00municipio
(idmunicipio, iddepartamento, municipio, nombre)
VALUES(119, 1, '05861', 'VENECIA');
INSERT INTO public.p00municipio
(idmunicipio, iddepartamento, municipio, nombre)
VALUES(60, 1, '05361', 'ITUANGO');
INSERT INTO public.p00municipio
(idmunicipio, iddepartamento, municipio, nombre)
VALUES(125, 1, '05895', 'ZARAGOZA');
INSERT INTO public.p00municipio
(idmunicipio, iddepartamento, municipio, nombre)
VALUES(170, 4, '13458', 'MONTECRISTO');
INSERT INTO public.p00municipio
(idmunicipio, iddepartamento, municipio, nombre)
VALUES(118, 1, '05858', 'VEGACHÍ');
INSERT INTO public.p00municipio
(idmunicipio, iddepartamento, municipio, nombre)
VALUES(61, 1, '05364', 'JARDÍN');
INSERT INTO public.p00municipio
(idmunicipio, iddepartamento, municipio, nombre)
VALUES(62, 1, '05368', 'JERICÓ');
INSERT INTO public.p00municipio
(idmunicipio, iddepartamento, municipio, nombre)
VALUES(2, 1, '05002', 'ABEJORRAL');
INSERT INTO public.p00municipio
(idmunicipio, iddepartamento, municipio, nombre)
VALUES(190, 4, '13780', 'TALAIGUA NUEVO');
INSERT INTO public.p00municipio
(idmunicipio, iddepartamento, municipio, nombre)
VALUES(123, 1, '05890', 'YOLOMBÓ');
INSERT INTO public.p00municipio
(idmunicipio, iddepartamento, municipio, nombre)
VALUES(69, 1, '05440', 'MARINILLA');
INSERT INTO public.p00municipio
(idmunicipio, iddepartamento, municipio, nombre)
VALUES(120, 1, '05873', 'VIGÍA DEL FUERTE');
INSERT INTO public.p00municipio
(idmunicipio, iddepartamento, municipio, nombre)
VALUES(59, 1, '05360', 'ITAGÜÍ');
INSERT INTO public.p00municipio
(idmunicipio, iddepartamento, municipio, nombre)
VALUES(64, 1, '05380', 'LA ESTRELLA');
INSERT INTO public.p00municipio
(idmunicipio, iddepartamento, municipio, nombre)
VALUES(4, 1, '05021', 'ALEJANDRÍA');
INSERT INTO public.p00municipio
(idmunicipio, iddepartamento, municipio, nombre)
VALUES(173, 4, '13490', 'NOROSÍ');
INSERT INTO public.p00municipio
(idmunicipio, iddepartamento, municipio, nombre)
VALUES(182, 4, '13657', 'SAN JUAN NEPOMUCENO');
INSERT INTO public.p00municipio
(idmunicipio, iddepartamento, municipio, nombre)
VALUES(192, 4, '13836', 'TURBACO');
INSERT INTO public.p00municipio
(idmunicipio, iddepartamento, municipio, nombre)
VALUES(65, 1, '05390', 'LA PINTADA');
INSERT INTO public.p00municipio
(idmunicipio, iddepartamento, municipio, nombre)
VALUES(3, 1, '05004', 'ABRIAQUÍ');
INSERT INTO public.p00municipio
(idmunicipio, iddepartamento, municipio, nombre)
VALUES(193, 4, '13838', 'TURBANÁ');
INSERT INTO public.p00municipio
(idmunicipio, iddepartamento, municipio, nombre)
VALUES(122, 1, '05887', 'YARUMAL');
INSERT INTO public.p00municipio
(idmunicipio, iddepartamento, municipio, nombre)
VALUES(58, 1, '05353', 'HISPANIA');
INSERT INTO public.p00municipio
(idmunicipio, iddepartamento, municipio, nombre)
VALUES(121, 1, '05885', 'YALÍ');
INSERT INTO public.p00municipio
(idmunicipio, iddepartamento, municipio, nombre)
VALUES(164, 4, '13268', 'EL PEÑÓN');
INSERT INTO public.p00municipio
(idmunicipio, iddepartamento, municipio, nombre)
VALUES(137, 2, '08558', 'POLONUEVO');
INSERT INTO public.p00municipio
(idmunicipio, iddepartamento, municipio, nombre)
VALUES(127, 2, '08078', 'BARANOA');
INSERT INTO public.p00municipio
(idmunicipio, iddepartamento, municipio, nombre)
VALUES(200, 5, '15087', 'BELÉN');
INSERT INTO public.p00municipio
(idmunicipio, iddepartamento, municipio, nombre)
VALUES(8, 1, '05036', 'ANGELÓPOLIS');
INSERT INTO public.p00municipio
(idmunicipio, iddepartamento, municipio, nombre)
VALUES(55, 1, '05318', 'GUARNE');
INSERT INTO public.p00municipio
(idmunicipio, iddepartamento, municipio, nombre)
VALUES(162, 4, '13244', 'EL CARMEN DE BOLÍVAR');
INSERT INTO public.p00municipio
(idmunicipio, iddepartamento, municipio, nombre)
VALUES(106, 1, '05756', 'SONSÓN');
INSERT INTO public.p00municipio
(idmunicipio, iddepartamento, municipio, nombre)
VALUES(54, 1, '05315', 'GUADALUPE');
INSERT INTO public.p00municipio
(idmunicipio, iddepartamento, municipio, nombre)
VALUES(66, 1, '05400', 'LA UNIÓN');
INSERT INTO public.p00municipio
(idmunicipio, iddepartamento, municipio, nombre)
VALUES(7, 1, '05034', 'ANDES');
INSERT INTO public.p00municipio
(idmunicipio, iddepartamento, municipio, nombre)
VALUES(117, 1, '05856', 'VALPARAÍSO');
INSERT INTO public.p00municipio
(idmunicipio, iddepartamento, municipio, nombre)
VALUES(126, 2, '08001', 'BARRANQUILLA');
INSERT INTO public.p00municipio
(idmunicipio, iddepartamento, municipio, nombre)
VALUES(116, 1, '05854', 'VALDIVIA');
INSERT INTO public.p00municipio
(idmunicipio, iddepartamento, municipio, nombre)
VALUES(5, 1, '05030', 'AMAGÁ');
INSERT INTO public.p00municipio
(idmunicipio, iddepartamento, municipio, nombre)
VALUES(115, 1, '05847', 'URRAO');
INSERT INTO public.p00municipio
(idmunicipio, iddepartamento, municipio, nombre)
VALUES(56, 1, '05321', 'GUATAPÉ');
INSERT INTO public.p00municipio
(idmunicipio, iddepartamento, municipio, nombre)
VALUES(128, 2, '08137', 'CAMPO DE LA CRUZ');
INSERT INTO public.p00municipio
(idmunicipio, iddepartamento, municipio, nombre)
VALUES(68, 1, '05425', 'MACEO');
INSERT INTO public.p00municipio
(idmunicipio, iddepartamento, municipio, nombre)
VALUES(77, 1, '05541', 'PEÑOL');
INSERT INTO public.p00municipio
(idmunicipio, iddepartamento, municipio, nombre)
VALUES(46, 1, '05264', 'ENTRERRÍOS');
INSERT INTO public.p00municipio
(idmunicipio, iddepartamento, municipio, nombre)
VALUES(129, 2, '08141', 'CANDELARIA');
INSERT INTO public.p00municipio
(idmunicipio, iddepartamento, municipio, nombre)
VALUES(198, 5, '15047', 'AQUITANIA');
INSERT INTO public.p00municipio
(idmunicipio, iddepartamento, municipio, nombre)
VALUES(165, 4, '13300', 'HATILLO DE LOBA');
INSERT INTO public.p00municipio
(idmunicipio, iddepartamento, municipio, nombre)
VALUES(57, 1, '05347', 'HELICONIA');
INSERT INTO public.p00municipio
(idmunicipio, iddepartamento, municipio, nombre)
VALUES(6, 1, '05031', 'AMALFI');
INSERT INTO public.p00municipio
(idmunicipio, iddepartamento, municipio, nombre)
VALUES(16, 1, '05059', 'ARMENIA');
INSERT INTO public.p00municipio
(idmunicipio, iddepartamento, municipio, nombre)
VALUES(108, 1, '05789', 'TÁMESIS');
INSERT INTO public.p00municipio
(idmunicipio, iddepartamento, municipio, nombre)
VALUES(49, 1, '05284', 'FRONTINO');
INSERT INTO public.p00municipio
(idmunicipio, iddepartamento, municipio, nombre)
VALUES(113, 1, '05837', 'TURBO');
INSERT INTO public.p00municipio
(idmunicipio, iddepartamento, municipio, nombre)
VALUES(188, 4, '13744', 'SIMITÍ');
INSERT INTO public.p00municipio
(idmunicipio, iddepartamento, municipio, nombre)
VALUES(177, 4, '13620', 'SAN CRISTÓBAL');
INSERT INTO public.p00municipio
(idmunicipio, iddepartamento, municipio, nombre)
VALUES(74, 1, '05490', 'NECOCLÍ');
INSERT INTO public.p00municipio
(idmunicipio, iddepartamento, municipio, nombre)
VALUES(130, 2, '08296', 'GALAPA');
INSERT INTO public.p00municipio
(idmunicipio, iddepartamento, municipio, nombre)
VALUES(189, 4, '13760', 'SOPLAVIENTO');
INSERT INTO public.p00municipio
(idmunicipio, iddepartamento, municipio, nombre)
VALUES(71, 1, '05475', 'MURINDÓ');
INSERT INTO public.p00municipio
(idmunicipio, iddepartamento, municipio, nombre)
VALUES(107, 1, '05761', 'SOPETRÁN');
INSERT INTO public.p00municipio
(idmunicipio, iddepartamento, municipio, nombre)
VALUES(15, 1, '05055', 'ARGELIA');
INSERT INTO public.p00municipio
(idmunicipio, iddepartamento, municipio, nombre)
VALUES(132, 2, '08421', 'LURUACO');
INSERT INTO public.p00municipio
(idmunicipio, iddepartamento, municipio, nombre)
VALUES(48, 1, '05282', 'FREDONIA');
INSERT INTO public.p00municipio
(idmunicipio, iddepartamento, municipio, nombre)
VALUES(76, 1, '05501', 'OLAYA');
INSERT INTO public.p00municipio
(idmunicipio, iddepartamento, municipio, nombre)
VALUES(187, 4, '13688', 'SANTA ROSA DEL SUR');
INSERT INTO public.p00municipio
(idmunicipio, iddepartamento, municipio, nombre)
VALUES(176, 4, '13600', 'RÍO VIEJO');
INSERT INTO public.p00municipio
(idmunicipio, iddepartamento, municipio, nombre)
VALUES(131, 2, '08372', 'JUAN DE ACOSTA');
INSERT INTO public.p00municipio
(idmunicipio, iddepartamento, municipio, nombre)
VALUES(67, 1, '05411', 'LIBORINA');
INSERT INTO public.p00municipio
(idmunicipio, iddepartamento, municipio, nombre)
VALUES(13, 1, '05045', 'APARTADÓ');
INSERT INTO public.p00municipio
(idmunicipio, iddepartamento, municipio, nombre)
VALUES(14, 1, '05051', 'ARBOLETES');
INSERT INTO public.p00municipio
(idmunicipio, iddepartamento, municipio, nombre)
VALUES(186, 4, '13683', 'SANTA ROSA');
INSERT INTO public.p00municipio
(idmunicipio, iddepartamento, municipio, nombre)
VALUES(152, 4, '13030', 'ALTOS DEL ROSARIO');
INSERT INTO public.p00municipio
(idmunicipio, iddepartamento, municipio, nombre)
VALUES(52, 1, '05310', 'GÓMEZ PLATA');
INSERT INTO public.p00municipio
(idmunicipio, iddepartamento, municipio, nombre)
VALUES(9, 1, '05038', 'ANGOSTURA');
INSERT INTO public.p00municipio
(idmunicipio, iddepartamento, municipio, nombre)
VALUES(73, 1, '05483', 'NARIÑO');
INSERT INTO public.p00municipio
(idmunicipio, iddepartamento, municipio, nombre)
VALUES(136, 2, '08549', 'PIOJÓ');
INSERT INTO public.p00municipio
(idmunicipio, iddepartamento, municipio, nombre)
VALUES(72, 1, '05480', 'MUTATÁ');
INSERT INTO public.p00municipio
(idmunicipio, iddepartamento, municipio, nombre)
VALUES(50, 1, '05306', 'GIRALDO');
INSERT INTO public.p00municipio
(idmunicipio, iddepartamento, municipio, nombre)
VALUES(135, 2, '08520', 'PALMAR DE VARELA');
INSERT INTO public.p00municipio
(idmunicipio, iddepartamento, municipio, nombre)
VALUES(10, 1, '05040', 'ANORÍ');
INSERT INTO public.p00municipio
(idmunicipio, iddepartamento, municipio, nombre)
VALUES(148, 2, '08849', 'USIACURÍ');
INSERT INTO public.p00municipio
(idmunicipio, iddepartamento, municipio, nombre)
VALUES(153, 4, '13042', 'ARENAL');
INSERT INTO public.p00municipio
(idmunicipio, iddepartamento, municipio, nombre)
VALUES(53, 1, '05313', 'GRANADA');
INSERT INTO public.p00municipio
(idmunicipio, iddepartamento, municipio, nombre)
VALUES(171, 4, '13468', 'MOMPÓS');
INSERT INTO public.p00municipio
(idmunicipio, iddepartamento, municipio, nombre)
VALUES(112, 1, '05819', 'TOLEDO');
INSERT INTO public.p00municipio
(idmunicipio, iddepartamento, municipio, nombre)
VALUES(91, 1, '05652', 'SAN FRANCISCO');
INSERT INTO public.p00municipio
(idmunicipio, iddepartamento, municipio, nombre)
VALUES(12, 1, '05044', 'ANZÁ');
INSERT INTO public.p00municipio
(idmunicipio, iddepartamento, municipio, nombre)
VALUES(51, 1, '05308', 'GIRARDOTA');
INSERT INTO public.p00municipio
(idmunicipio, iddepartamento, municipio, nombre)
VALUES(92, 1, '05656', 'SAN JERÓNIMO');
INSERT INTO public.p00municipio
(idmunicipio, iddepartamento, municipio, nombre)
VALUES(149, 3, '11001', 'BOGOTÁ, D.C.');
INSERT INTO public.p00municipio
(idmunicipio, iddepartamento, municipio, nombre)
VALUES(174, 4, '13549', 'PINILLOS');
INSERT INTO public.p00municipio
(idmunicipio, iddepartamento, municipio, nombre)
VALUES(110, 1, '05792', 'TARSO');
INSERT INTO public.p00municipio
(idmunicipio, iddepartamento, municipio, nombre)
VALUES(93, 1, '05658', 'SAN JOSÉ DE LA MONTAÑA');
INSERT INTO public.p00municipio
(idmunicipio, iddepartamento, municipio, nombre)
VALUES(134, 2, '08436', 'MANATÍ');
INSERT INTO public.p00municipio
(idmunicipio, iddepartamento, municipio, nombre)
VALUES(90, 1, '05649', 'SAN CARLOS');
INSERT INTO public.p00municipio
(idmunicipio, iddepartamento, municipio, nombre)
VALUES(111, 1, '05809', 'TITIRIBÍ');
INSERT INTO public.p00municipio
(idmunicipio, iddepartamento, municipio, nombre)
VALUES(175, 4, '13580', 'REGIDOR');
INSERT INTO public.p00municipio
(idmunicipio, iddepartamento, municipio, nombre)
VALUES(11, 1, '05042', 'SANTA FÉ DE ANTIOQUIA');
INSERT INTO public.p00municipio
(idmunicipio, iddepartamento, municipio, nombre)
VALUES(70, 1, '05467', 'MONTEBELLO');

INSERT INTO public.p00empresa
(rowidempresa, empresa, descripcion, nit, digitoverificacion, direccion, telefono, correo, habilita, logo1)
VALUES(2, 'cax', 'cax solutions', '1130639280', 2, 'carrera 45 no. 56-67', '3445656', 'info@caxsolutions.com', true, NULL);

INSERT INTO public.p00listaopcion
(rowidopcion, variable, descripcion, valor, nombre, abreviacion, condicion, habilita, validacion)
VALUES(20, 'tipoVehiculos', 'Tipo de vehiculos', 2, 'Pickups', NULL, NULL, true, 'x');
INSERT INTO public.p00listaopcion
(rowidopcion, variable, descripcion, valor, nombre, abreviacion, condicion, habilita, validacion)
VALUES(12, 'tipoEstadoCivil', 'Estado civil', 1, 'Soltero(a)', 'SO', NULL, true, 'xxx');
INSERT INTO public.p00listaopcion
(rowidopcion, variable, descripcion, valor, nombre, abreviacion, condicion, habilita, validacion)
VALUES(31, 'tipoServicio', 'Tipo de servicio', 1, 'Particular', NULL, NULL, true, 'x');
INSERT INTO public.p00listaopcion
(rowidopcion, variable, descripcion, valor, nombre, abreviacion, condicion, habilita, validacion)
VALUES(22, 'tipoVehiculos', 'Tipo de vehiculos', 3, 'Camionetas', NULL, NULL, true, 'x');
INSERT INTO public.p00listaopcion
(rowidopcion, variable, descripcion, valor, nombre, abreviacion, condicion, habilita, validacion)
VALUES(10, 'tipoGenero', 'Tipo de genero', 2, 'Femenino', 'FM', NULL, true, 'xxxx');
INSERT INTO public.p00listaopcion
(rowidopcion, variable, descripcion, valor, nombre, abreviacion, condicion, habilita, validacion)
VALUES(30, 'tipoVehiculos', 'Tipo de vehiculos', 9, 'Maquinaria pesada', NULL, NULL, true, 'x');
INSERT INTO public.p00listaopcion
(rowidopcion, variable, descripcion, valor, nombre, abreviacion, condicion, habilita, validacion)
VALUES(13, 'tipoEstadoCivil', 'Estado civil', 2, 'Casado(a)', NULL, NULL, true, 'xxx');
INSERT INTO public.p00listaopcion
(rowidopcion, variable, descripcion, valor, nombre, abreviacion, condicion, habilita, validacion)
VALUES(29, 'tipoVehiculos', 'Tipo de vehiculos', 8, 'Vans', NULL, NULL, true, 'x');
INSERT INTO public.p00listaopcion
(rowidopcion, variable, descripcion, valor, nombre, abreviacion, condicion, habilita, validacion)
VALUES(9, 'tipoGenero', 'Tipo de genero', 1, 'Masculino', 'MA', NULL, true, 'xxx');
INSERT INTO public.p00listaopcion
(rowidopcion, variable, descripcion, valor, nombre, abreviacion, condicion, habilita, validacion)
VALUES(4, 'tipoCliente', 'Tipo de persona', 2, 'Persona juridica', 'PJ', NULL, true, 'xxxxxxxxxxx');
INSERT INTO public.p00listaopcion
(rowidopcion, variable, descripcion, valor, nombre, abreviacion, condicion, habilita, validacion)
VALUES(18, 'tipoVehiculos', 'tipo de vehiculos', 1, 'Automóviles', NULL, NULL, true, 'xx');
INSERT INTO public.p00listaopcion
(rowidopcion, variable, descripcion, valor, nombre, abreviacion, condicion, habilita, validacion)
VALUES(32, 'tipoServicio', 'Tipo de servicio ', 2, 'Publico', NULL, NULL, true, 'x');
INSERT INTO public.p00listaopcion
(rowidopcion, variable, descripcion, valor, nombre, abreviacion, condicion, habilita, validacion)
VALUES(7, 'tipoIdentificacion', 'Tipo de identificacion de la persona', 3, 'NIT', 'NT', NULL, true, 'xxxxxxxxxxxxxxxxxx');
INSERT INTO public.p00listaopcion
(rowidopcion, variable, descripcion, valor, nombre, abreviacion, condicion, habilita, validacion)
VALUES(27, 'tipoVehiculos', 'Tipo de vehiculos', 6, 'Taxi', NULL, NULL, true, 'x');
INSERT INTO public.p00listaopcion
(rowidopcion, variable, descripcion, valor, nombre, abreviacion, condicion, habilita, validacion)
VALUES(15, 'tipoProfesion', 'tipo profesion', 1, 'Empleado', NULL, NULL, true, 'xx');
INSERT INTO public.p00listaopcion
(rowidopcion, variable, descripcion, valor, nombre, abreviacion, condicion, habilita, validacion)
VALUES(26, 'tipoVehiculos', 'Tipo de vehiculos', 5, 'Pasajeros', NULL, NULL, true, 'x');
INSERT INTO public.p00listaopcion
(rowidopcion, variable, descripcion, valor, nombre, abreviacion, condicion, habilita, validacion)
VALUES(6, 'tipoIdentificacion', 'Tipo de identificacion de la persona', 2, 'Cedula de ciudadania', 'CC', NULL, true, 'xxxxxxxx');
INSERT INTO public.p00listaopcion
(rowidopcion, variable, descripcion, valor, nombre, abreviacion, condicion, habilita, validacion)
VALUES(16, 'tipoProfesion', 'tipo profesion', 2, 'Independiente', NULL, NULL, true, 'xxxxxxx');
INSERT INTO public.p00listaopcion
(rowidopcion, variable, descripcion, valor, nombre, abreviacion, condicion, habilita, validacion)
VALUES(23, 'tipoVehiculos', 'Tipo de vehiculos', 4, 'Carga', NULL, NULL, true, 'x');
INSERT INTO public.p00listaopcion
(rowidopcion, variable, descripcion, valor, nombre, abreviacion, condicion, habilita, validacion)
VALUES(5, 'tipoIdentificacion', 'Tipo de identificacion de la persona', 1, 'Tarjeta de identidad', 'TI', NULL, true, 'xxxxxxxxx');
INSERT INTO public.p00listaopcion
(rowidopcion, variable, descripcion, valor, nombre, abreviacion, condicion, habilita, validacion)
VALUES(17, 'tipoProfesion', 'Tipo profesion', 3, 'Jubilado/Pensionado', NULL, NULL, true, 'xxxxx');
INSERT INTO public.p00listaopcion
(rowidopcion, variable, descripcion, valor, nombre, abreviacion, condicion, habilita, validacion)
VALUES(28, 'tipoVehiculos', 'Ti po de vehiculos', 7, 'Camperos', NULL, NULL, true, 'x');
INSERT INTO public.p00listaopcion
(rowidopcion, variable, descripcion, valor, nombre, abreviacion, condicion, habilita, validacion)
VALUES(14, 'tipoEstadoCivil', 'Estado civil', 3, 'Union libre', NULL, NULL, true, 'xxxx');
INSERT INTO public.p00listaopcion
(rowidopcion, variable, descripcion, valor, nombre, abreviacion, condicion, habilita, validacion)
VALUES(8, 'tipoIdentificacion', 'Tipo de identificacion de la persona', 4, 'Cedula extranjera', 'CE', NULL, true, 'xxxxxxxxxx');
INSERT INTO public.p00listaopcion
(rowidopcion, variable, descripcion, valor, nombre, abreviacion, condicion, habilita, validacion)
VALUES(3, 'tipoCliente', 'Tipo de persona', 1, 'Persona natural', 'PN', NULL, true, 'xxxxxxxxxxxxxxxx');

INSERT INTO public.p00perfil
(rowidperfil, perfil, nombre, diasvigencia, habilita, rowidempresa)
VALUES(3, '01', 'prueba', 120, true, 2);

INSERT INTO public.p00usuario
(rowidusuario, rowidempresa, usuario, descripcion, rowidperfil, validacion, cambiacontrasena, fechacambio, habilita)
VALUES(3, 2, 'admin', 'administrador super', 3, '21232f297a57a5a743894a0e4a801fc3', true, NULL, true);

